# id	disposition	owner-plan -- transcribed from 165-01-PLAN.md <context> "Ownership map"; ledger-skeleton.mjs refuses to write unless this id set equals the ### C- headings of 165-REVIEW-COMMENTS.md
C-4080507248	split-artifact	165-02
C-4080507280	split-artifact	165-02
C-4080520022	split-artifact	165-02
C-4080520123	split-artifact	165-02
C-4080520206	split-artifact	165-02
C-4080520279	split-artifact	165-02
C-4080520354	split-artifact	165-02
C-4080520386	split-artifact	165-02
C-4080520413	split-artifact	165-02
C-4080520453	split-artifact	165-02
C-4080515718	split-artifact	165-02
C-4080508297	split-artifact	165-02
C-4080508343	split-artifact	165-02
C-4080508426	split-artifact	165-02
C-4080508462	split-artifact	165-02
C-4080508490	split-artifact	165-02
C-4080508533	split-artifact	165-02
C-4080514940	split-artifact	165-02
C-4080514990	split-artifact	165-02
C-4080515025	split-artifact	165-02
C-4080515081	split-artifact	165-02
C-4080515115	split-artifact	165-02
C-4080520522	split-artifact	165-02
C-4080520561	split-artifact	165-02
C-4080502788	split-artifact	165-02
C-4080520322	already-fixed	165-02
C-4080520062	wont-fix	165-02
C-4105438045	deferred	165-02
C-4080487670	fix	165-05
C-4080487730	fix	165-05
C-4080487775	fix	165-05
C-4080487819	fix	165-05
C-4080487851	fix	165-05
C-4080487884	fix	165-05
C-4080487924	fix	165-05
C-4106633861	fix	165-06
C-4080515679	fix	165-10
C-4080515735	fix	165-10
C-4080515761	fix	165-10
C-4080515791	fix	165-10
C-4080508380	fix	165-10
C-4105280581	fix	165-11
C-4080504623	fix	165-14
C-4080504664	fix	165-14
C-4080504697	fix	165-14
C-4080504728	fix	165-14
C-4106783651	fix	165-15
C-4106923157	fix	165-15
C-4106942130	fix	165-15
C-4106960010	fix	165-15
C-4106737701	fix	165-15
C-4080520474	fix	165-19
C-4080502829	fix	165-19
C-4080502860	fix	165-19
C-4080515788	fix	165-20
C-4080515841	fix	165-20
C-4080515881	fix	165-20
C-4080515920	fix	165-20
C-4080515954	fix	165-20
C-4094600054	fix	165-21
C-4080518476	fix	165-22
C-4080507169	fix	165-23
C-4080507215	fix	165-23
C-4080520102	fix	165-23
C-4080515146	fix	165-23
C-4080515180	fix	165-23
C-4080520234	fix	165-25
C-4094736695	fix	165-26
C-4094555940	fix	165-27
C-4094521874	fix	165-27
C-4080520167	fix	165-28
C-4106561819	fix	165-29
C-4105374348	fix	165-30
C-4106608766	fix	165-31
C-4106666404	fix	165-32
C-4106671920	fix	165-32
C-4106679567	fix	165-32
C-4106826598	fix	165-33
